Headline,URL,Timestamp
Ancelotti confident on UEFA probe as Real prepare for Leganes – all to know,https://www.aljazeera.com/sports/2025/3/28/real-madrid-vs-leganes-laliga-team-news-start-time-how-to-follow-stream,2025-03-29 03:47:34
Brazil fire coach Dorival after Argentina hammering in World Cup qualifier,https://www.aljazeera.com/sports/2025/3/28/brazil-fire-coach-dorival-after-argentina-hammering-in-world-cup-qualifier,2025-03-29 03:47:34
Trump administration seeks Congress approval for USAID reorganisation,https://www.aljazeera.com/news/2025/3/28/trump-administration-seeks-congress-approval-for-usaid-reorganisation,2025-03-29 03:47:34
Ukraine’s Zelenskyy cautious on new US minerals deal proposal,https://www.aljazeera.com/news/2025/3/28/ukraines-zelenskyy-cautious-on-new-us-minerals-deal-proposal,2025-03-29 03:47:34
Trump says Greenland takeover needed for ‘world peace’,https://www.aljazeera.com/news/2025/3/28/trump-says-greenland-takeover-needed-for-world-peace,2025-03-29 03:47:34
Osasuna file appeal over Barcelona fielding Inigo Martinez in LaLiga match,https://www.aljazeera.com/sports/2025/3/28/osasuna-file-appeal-over-barcelona-fielding-inigo-martinez-in-3-0-laliga-win,2025-03-29 03:47:34
Israel launches first air strike on Lebanon’s Beirut since November truce,https://www.aljazeera.com/news/2025/3/28/israel-launches-first-air-strike-on-lebanons-beirut-since-november-truce,2025-03-29 03:47:34
Trump asks US Supreme Court to lift ban on deportations under wartime law,https://www.aljazeera.com/news/2025/3/28/trump-asks-us-supreme-court-to-lift-ban-on-deportations-under-wartime-law,2025-03-29 03:47:34
Donald Trump speaks with Canada’s Mark Carney amid trade tensions,https://www.aljazeera.com/news/2025/3/28/donald-trump-speaks-with-canadas-mark-carney-amid-trade-tensions,2025-03-29 03:47:34
Bangladesh cricketer Tamim back home after heart attack,https://www.aljazeera.com/sports/2025/3/28/bangladesh-cricketer-tamim-back-home-after-heart-attack,2025-03-29 03:47:34
Magnitude 7.7 earthquake in Myanmar; tremors felt in Thailand: All we know,https://www.aljazeera.com/news/2025/3/28/magnitude-7-7-earthquake-in-myanmar-tremors-felt-in-thailand-all-we-know,2025-03-29 03:47:34
Voices from Gaza: Protests demand an end to war and suffering,https://www.aljazeera.com/news/2025/3/28/voices-from-gaza-protests-demand-an-end-to-war-and-suffering,2025-03-29 03:47:34
Real Madrid coach Ancelotti to go on trial for alleged tax fraud,https://www.aljazeera.com/sports/2025/3/28/real-madrid-coach-ancelotti-to-go-on-trial-for-alleged-tax-fraud,2025-03-29 03:47:34
Duterte supporters mark ex-Philippine leader’s 80th birthday with rallies,https://www.aljazeera.com/news/2025/3/28/duterte-supporters-celebrate-ex-philippine-leaders-80th-birthday,2025-03-29 03:47:34
